set,cardNumber,name,category,bucket,capabilities,unmappedOps,reasons,effectText
EB01,EB01-001,Kouzuki Oden,leader,needsPrimitive,addPower,unrecognized,,"All of your {Land of Wano} type Character cards without a Counter have a +1000 Counter, according to the rules.[DON!! x1] [When Attacking] If you have a {Land of Wano} type Character with a cost of 5 or more, this Leader gains +1000 power until the start of your next turn."
EB01,EB01-009,Just Shut Up and Come with Us!!!!,event,needsPrimitive,searchTopDeck+playFromHand,unrecognized,,"[Counter] Look at 5 cards from the top of your deck and play up to 1 {Animal} type Character card with a cost of 3 or less. Then, place the rest at the bottom of your deck in any order."
EB01,EB01-012,Cavendish,character,needsPrimitive,,unrecognized,,"[On Play]/[When Attacking] If your Leader has the {Supernovas} type and you have no other [Cavendish] Characters, set up to 2 of your DON!! cards as active."
EB01,EB01-020,Chambres,event,needsPrimitive,moveCards+playFromHand,unrecognized,,"[Main] If your Leader has the {Supernovas} type, return 1 of your Characters to the owner's hand, and play up to 1 Character card with a cost of 2 or less from your hand that is a different color than the returned Character. [Trigger] Activate this card's [Main] effect."
EB01,EB01-029,Sorry. I'm a Goner.,event,needsPrimitive,moveCards,unrecognized,,"[Counter] Reveal 1 card from the top of your deck. If the revealed card has a cost of 4 or more, return up to 1 of your Characters to the owner's hand. Then, place the revealed card at the bottom of your deck. [Trigger] Return up to 1 Character with a cost of 8 or less to the owner's hand."
EB01,EB01-038,Oh Come My Way,event,needsPrimitive,draw,unrecognized,,"[Counter] DON!! −1 (You may return the specified number of DON!! cards from your field to your DON!! deck.): If your Leader's type includes ""Baroque Works"", select 1 of your Characters. Change the attack target to the selected Character. [Trigger] DON!! −1: Draw 2 cards."
EB01,EB01-052,Viola,character,needsPrimitive,addKeyword,unrecognized,,"[Blocker] (After your opponent declares an attack, you may rest this card to make it the new target of the attack.)[On Play] Choose one:• Look at all of your opponent's Life cards and place them back in their Life area in any order.• Turn all of your Life cards face-down."
EB01,EB01-057,Shirahoshi,character,defer,moveCards,,custom-trigger,"When this Character is K.O.'d by your opponent's effect, add up to 1 card from the top of your deck to the top of your Life cards.[Blocker] (After your opponent declares an attack, you may rest this card to make it the new target of the attack.)"
EB01,EB01-061,Mr.2.Bon.Kurei(Bentham),character,defer,addDonFromDeck,unrecognized,dynamic-scaling,[On Play] Add up to 1 DON!! card from your DON!! deck and set it as active.[When Attacking] Select up to 1 of your opponent's Characters. This Character's base power becomes the same as the selected Character's power during this turn.
EB02,EB02-010,Monkey.D.Luffy,leader,needsPrimitive,addPower,unrecognized,,"[Activate: Main] [Once Per Turn] DON!! −2: If the only Characters on your field are {Straw Hat Crew} type Characters, set up to 2 of your DON!! cards as active. Then, this Leader gains +1000 power until the end of your opponent's next turn."
EB02,EB02-023,Crocodile,character,defer,searchTopDeck,,custom-trigger,"[Your Turn] [Once Per Turn] When your opponent's Character is returned to the owner's hand by your effect, look at 3 cards from the top of your deck and place them at the top or bottom of the deck in any order."
EB02,EB02-025,Donquixote Rosinante,character,needsPrimitive,rest+searchTopDeck+playFromHand,unrecognized,,"[Activate: Main] You may rest 1 of your DON!! cards and this Character: If your Leader is [Donquixote Rosinante], look at 5 cards from the top of your deck; play up to 1 Character card with a cost of 2 or less rested. Then, place the rest at the bottom of your deck in any order."
EB02,EB02-028,Portgas.D.Ace,character,needsPrimitive,searchTopDeck+playFromHand,unrecognized,,"[On Play] If your Leader's type includes ""Whitebeard Pirates"", look at 5 cards from the top of your deck; reveal up to 1 Character card with a cost of 2 and add it to your hand. Then, place the rest at the bottom of your deck in any order and play up to 1 Character card with a cost of 2 from your hand rested."
EB02,EB02-030,And That's When Somebody Makes Fun of Their Friend's Dream!!!!,event,defer,trashFromHand+draw,,replacement-effect,"[Counter] If any of your Characters would be K.O.'d in battle during this turn, you may trash 1 card from your hand instead. [Trigger] Draw 1 card."
EB02,EB02-032,Iceburg,character,needsPrimitive,searchTopDeck+playFromHand,unrecognized,,"[On Play] If you have 3 or more DON!! cards on your field, look at 7 cards from the top of your deck; reveal up to 1 [Galley-La Company] and add it to your hand. Then, place the rest at the bottom of your deck in any order and play up to 1 [Galley-La Company] from your hand."
EB02,EB02-037,Franky,character,needsPrimitive,rest+addDonFromDeck,unrecognized,,"[On Play]/[When Attacking] If your Leader has the {Straw Hat Crew} type and the number of DON!! cards on your field is equal to or less than the number on your opponent's field, add up to 1 DON!! card from your DON!! deck and rest it."
EB02,EB02-061,Monkey.D.Luffy,character,needsPrimitive,addKeyword,unrecognized,,"If your Leader is multicolored and your opponent has 5 or more DON!! cards on their field, this Character gains [Rush].[When Attacking] [Once Per Turn] You may return 2 of your active DON!! cards to your DON!! deck: Set this Character as active. Then, add 1 card from the top of your Life cards to your hand."
EB03,EB03-001,Nefeltari Vivi,leader,defer,trashFromHand+addPower+rest+addKeyword,unrecognized,replacement-effect,"[Once Per Turn] If your Character with a base cost of 4 or more would be K.O.'d, you may trash 1 card from your hand instead.[Activate: Main] You may rest this Leader: Give up to 1 of your opponent's Characters −2000 power during this turn. Then, up to 1 of your Characters without a [When Attacking] effect gains [Rush] during this turn."
EB03,EB03-017,Jewelry Bonney,character,needsPrimitive,,unrecognized,,"[On Play] If your Leader has the {Supernovas} type, set up to 1 of your DON!! cards as active. Then, up to 1 of your opponent's Characters with a cost of 8 or less cannot be rested until the end of your opponent's next End Phase."
EB03,EB03-020,"There You Are, Sore Loser!",event,needsPrimitive,addPower,unrecognized,,"[Counter] Up to 1 of your Leader or Character cards gains +2000 power during this battle. Then, if you have 2 or more {FILM} type Characters, that card gains an additional +2000 power during this battle. [Trigger] Set up to 1 of your Characters as active."
EB03,EB03-024,Nefeltari Vivi,character,needsPrimitive,addKeyword+playFromHand,unrecognized,,"[Blocker][On Play] Play up to 1 {Alabasta} or {Straw Hat Crew} type Character card with a cost of 5 or less from your hand. Then, you cannot play any Character cards on your field during this turn."
EB03,EB03-026,Boa Hancock,character,needsPrimitive,giveDon,unrecognized,,"[On Play] If your opponent has 5 or more cards in their hand, your opponent places 1 card from their hand at the bottom of their deck.[Activate: Main] [Once Per Turn] You may place 1 of your Characters at the bottom of the owner's deck: Give your Leader and 1 Character up to 1 rested DON!! card each."
EB03,EB03-031,Vinsmoke Reiju,character,needsPrimitive,trashFromHand,unrecognized,,"[Your Turn] [On Play] DON!! −1: If your Leader is [Sanji], activate the [Main] effect of up to 1 Event card with a cost of 7 or less in your trash."
EB03,EB03-044,Black Maria,character,needsPrimitive,addKeyword+searchTopDeck+playFromHand,unrecognized,,"If your Leader is multicolored, this Character gains [Blocker].[On Play] Look at 5 cards from the top of your deck; reveal up to 1 [Onigashima Island] and add it to your hand. Then, place the rest at the bottom of your deck in any order and play up to 1 [Onigashima Island] from your hand."
EB03,EB03-048,Rebecca,character,needsPrimitive,addKeyword+searchTopDeck+playFromHand,unrecognized,,"[Blocker][On Play] Look at 5 cards from the top of your deck; reveal up to 1 {Dressrosa} type Stage card and add it to your hand. Then, place the rest at the bottom of your deck in any order and play up to 1 {Dressrosa} type Stage card with a cost of 1 from your hand."
EB03,EB03-051,Charlotte Smoothie,character,needsPrimitive,ko,unrecognized,,"[On Play] If you have a face-up Life card, K.O. up to 1 of your opponent's Characters with a cost of 2 or less. Then, turn all of your Life cards face-down."
EB03,EB03-053,Nami,character,needsPrimitive,giveDon+playFromHand,unrecognized,,"[On Play] Give up to 1 rested DON!! card to your Leader. Then, if your opponent has 3 or more Life cards, add up to 1 card from the top of your opponent's Life cards to the owner's hand.[On K.O.] You may turn 1 card from the top of your Life cards face-up: Play up to 1 Character card with 6000 power or less from your hand."
EB03,EB03-055,Nico Robin,character,needsPrimitive,trashFromHand+moveCards,unrecognized,,"[On Play] You may trash 1 card from the top of your Life cards: If your Leader has the {Straw Hat Crew} type, add up to 2 cards from the top of your deck to the top of your Life cards.[Opponent's Turn] [On K.O.] You may deal 1 damage to your opponent."
EB03,EB03-061,Uta,character,needsPrimitive,rest,unrecognized,mixed-don-or-char-target,"[Activate: Main] [Once Per Turn] Set up to 1 of your DON!! cards as active. Then, rest up to 1 of your opponent's DON!! cards or Characters with a cost of 4 or less.[End of Your Turn] You may rest 1 of your DON!! cards: Set up to 1 of your {FILM} type Characters as active."
EB04,EB04-001,Jewelry Bonney,leader,needsPrimitive,addPower,unrecognized,,"[Opponent's Turn] If you have 1 or less Life cards, this Leader gains +2000 power.[Activate: Main] [Once Per Turn] Give up to 1 of your opponent's Characters −1000 power during this turn. Then, if you have 2 or more Life cards, you may add 1 card from the top of your Life cards to your hand."
EB04,EB04-005,Trafalgar Law,character,needsPrimitive,,unrecognized,attack-restriction,This Character cannot attack unless your opponent has 2 or more Characters with a base power of 5000 or more.
EB04,EB04-010,Lulucia Kingdom,stage,needsPrimitive,addPower,unrecognized,,[Opponent's Turn] All of your Characters with a base cost of 1 gain +5000 power.[On Play] Set the power of up to 1 of your opponent's Characters to 0 during this turn.
EB04,EB04-011,Scaled Neptunian,character,defer,addKeyword+draw+trashFromHand,,dynamic-scaling+attack-restriction,"[Rush: Character] (This card can attack Characters on the turn in which it is played.)[On Play] Draw a card for each of your {Neptunian} type Characters. Then, trash the same number of cards from your hand."
EB04,EB04-012,Kikunojo,character,needsPrimitive,,unrecognized,,"[Activate: Main] [Once Per Turn] If this Character was played on this turn, set your {Land of Wano} type Leader as active."
EB04,EB04-013,Carrot,character,needsPrimitive,,unrecognized,,"[On Play] If your Leader has the {Minks} type, set up to 2 of your {Minks} type Characters and your Leader as active."
EB04,EB04-016,Bird Neptunian,character,needsPrimitive,rest,unrecognized,,"[Activate: Main] Set up to 1 of your DON!! cards as active. Then, you cannot set DON!! cards as active using Character effects during this turn.[When Attacking] If you have 3 or more {Neptunian} type Characters, rest up to 1 of your opponent's Characters with a cost of 8 or less."
EB04,EB04-025,Nefeltari Vivi,character,needsPrimitive,playFromHand,unrecognized,,"[On Play] Play up to 1 {Alabasta} type Character card with a cost of 8 or less other than [Nefeltari Vivi] from your hand. Then, your opponent places 1 card from their hand at the bottom of their deck."
EB04,EB04-038,Rosinante & Law,character,needsPrimitive,draw+addDonFromDeck,unrecognized,,"Under the rules of this game, also treat this card's name as [Trafalgar Law] and [Donquixote Rosinante].[Blocker][On Play] If the number of DON!! cards on your field is equal to or less than the number on your opponent's field, draw 1 card. Then, add up to 1 DON!! card from your DON!! deck and set it as active."
EB04,EB04-043,Kaku,character,defer,trashFromHand,,replacement-effect,"[Once Per Turn] If your black Character with a base cost of 5 or less would be K.O.'d by your opponent's effect, you may place 3 cards from your trash at the bottom of your deck in any order instead.[On Play] Trash 2 cards from the top of your deck."
EB04,EB04-044,Koby,character,defer,draw+trashFromHand,,replacement-effect+custom-trigger,"[Once Per Turn] If your Leader's type includes ""Navy"" and this Character would be removed from the field, you may trash 1 card from your hand instead.[Your Turn] [Once Per Turn] When your opponent's Character is K.O.'d, draw 1 card."
EB04,EB04-051,Emet,character,needsPrimitive,addPower+playFromHand,unrecognized,attack-restriction,"This Character cannot attack unless there is a Character with 12000 base power or more. [Trigger] Give all of your opponent's Characters −3000 power during this turn. Then, if you have 0 Life cards, play this card."
EB04,EB04-052,Sanji,character,defer,playFromHand,unrecognized,dynamic-scaling,"[When Attacking] This Character's base power becomes the same as your opponent's Leader during this turn.[On K.O.] If you have 2 or less Life cards, play up to 1 yellow Character card with 6000 power or less from your hand."
EB04,EB04-054,Bartholomew Kuma,character,needsPrimitive,moveCards,unrecognized,,"[On Play] If you have 2 or less Life cards, add up to 1 card from the top of your deck to the top of your Life cards.[On K.O.] Add up to 1 card from the top of your opponent's Life cards to the owner's hand."
OP01,OP01-003,Monkey.D.Luffy,leader,needsPrimitive,addPower,unrecognized,,[Activate: Main] [Once Per Turn] ➃ (You may rest the specified number of DON!! cards in your cost area.): Set up to 1 of your {Supernovas} or {Straw Hat Crew} type Character cards with a cost of 5 or less as active. It gains +1000 power during this turn.
OP01,OP01-024,Monkey.D.Luffy,character,needsPrimitive,giveDon,unrecognized,,[DON!! x2] This Character cannot be K.O.'d in battle by ＜Strike＞ attribute Characters. [Activate: Main] [Once Per Turn] Give this Character up to 2 rested DON!! cards.
OP01,OP01-038,Kanjuro,character,needsPrimitive,ko+trashFromHand,unrecognized,,[DON!! x1] [When Attacking] K.O. up to 1 of your opponent's rested Characters with a cost of 2 or less. [On K.O.] Your opponent chooses 1 card from your hand; trash that card.
OP01,OP01-051,"Eustass""Captain""Kid",character,needsPrimitive,rest+playFromHand,unrecognized,attack-restriction,"[DON!! x1] [Opponent's Turn] If this Character is rested, your opponent cannot attack any card other than the Character [Eustass""Captain""Kid]. [Activate: Main] [Once Per Turn] You may rest this Character: Play up to 1 Character card with a cost of 3 or less from your hand."
OP01,OP01-060,Donquixote Doflamingo,leader,needsPrimitive,,unrecognized,,"[DON!! x2] [When Attacking] ➀ (You may rest the specified number of DON!! cards in your cost area.): Reveal 1 card from the top of your deck. If that card is a {The Seven Warlords of the Sea} type Character card with a cost of 4 or less, you may play that card rested."
OP01,OP01-061,Kaido,leader,defer,addDonFromDeck,,custom-trigger,"[DON!! x1] [Your Turn] [Once Per Turn] When your opponent's Character is K.O.'d, add up to 1 DON!! card from your DON!! deck and set it as active."
OP01,OP01-063,Arlong,character,needsPrimitive,rest,unrecognized,,"[DON!! x1] [Activate: Main] You may rest this Character: Choose 1 card from your opponent's hand; your opponent reveals that card. If the revealed card is an Event, place up to 1 card from your opponent's Life area at the bottom of the owner's deck."
OP01,OP01-067,Crocodile,character,defer,addKeyword+addCost,,custom-trigger,"[Banish] (When this card deals damage, the target card is trashed without activating its Trigger.) [DON!! x1] Give blue Events in your hand −1 cost."
OP01,OP01-075,Pacifista,character,needsPrimitive,,unrecognized,,"Under the rules of this game, you may have any number of this card in your deck. [Blocker] (After your opponent declares an attack, you may rest this card to make it the new target of the attack.)"
OP01,OP01-098,Kurozumi Orochi,character,needsPrimitive,,unrecognized,,"[On Play] Reveal up to 1 [Artificial Devil Fruit SMILE] from your deck and add it to your hand. Then, shuffle your deck."
OP01,OP01-099,Kurozumi Semimaru,character,needsPrimitive,,unrecognized,,{Kurozumi Clan} type Characters other than your [Kurozumi Semimaru] cannot be K.O.'d in battle.
OP01,OP01-105,Bao Huang,character,needsPrimitive,,unrecognized,,[On Play] Choose 2 cards from your opponent's hand; your opponent reveals those cards.
OP01,OP01-116,Artificial Devil Fruit SMILE,event,needsPrimitive,searchTopDeck+playFromHand,unrecognized,,"[Main] Look at 5 cards from the top of your deck; play up to 1 {SMILE} type Character card with a cost of 3 or less. Then, place the rest at the bottom of your deck in any order. [Trigger] Activate this card's [Main] effect."
OP01,OP01-120,Shanks,character,needsPrimitive,addKeyword,unrecognized,,[Rush] (This card can attack on the turn in which it is played.) [When Attacking] Your opponent cannot activate a [Blocker] Character that has 2000 or less power during this battle.
OP01,OP01-121,Yamato,character,defer,,unrecognized,custom-trigger,"Also treat this card's name as [Kouzuki Oden] according to the rules. [Double Attack] (This card deals 2 damage.) [Banish] (When this card deals damage, the target card is trashed without activating its Trigger.)"
OP02,OP02-002,Monkey.D.Garp,leader,defer,addCost,,custom-trigger,"[Your Turn] When this Leader or any of your Characters is given a DON!! card, give up to 1 of your opponent's Characters with a cost of 7 or less −1 cost during this turn."
OP02,OP02-004,Edward.Newgate,character,needsPrimitive,addPower+ko,unrecognized,,"[On Play] Up to 1 of your Leader gains +2000 power until the start of your next turn. Then, you cannot add Life cards to your hand using your own effects during this turn. [DON!! x2] [When Attacking] K.O. up to 1 of your opponent's Characters with 3000 power or less."
OP02,OP02-023,You May Be a Fool...but I Still Love You,event,needsPrimitive,addPower,unrecognized,,"[Main] If you have 3 or less Life cards, you cannot add Life cards to your hand using your own effects during this turn. [Trigger] Up to 1 of your Leader gains +1000 power during this turn."
OP02,OP02-027,Inuarashi,character,needsPrimitive,,unrecognized,,"If all of your DON!! cards are rested, this Character cannot be removed from the field by your opponent's effects."
OP02,OP02-056,Donquixote Doflamingo,character,needsPrimitive,searchTopDeck+trashFromHand,unrecognized,,[On Play] Look at 3 cards from the top of your deck and place them at the top or bottom of the deck in any order. [DON!! x1] [When Attacking] You may trash 1 card from your hand: Place up to 1 of your opponent's Characters with a cost of 1 or less at the bottom of the owner's deck.
OP02,OP02-057,Bartholomew Kuma,character,needsPrimitive,searchTopDeck,unrecognized,,"[On Play] Look at 2 cards from the top of your deck; reveal up to 1 {The Seven Warlords of the Sea} type card and add it to your hand. Then, place the rest at the top or bottom of the deck in any order."
OP02,OP02-061,Morley,character,needsPrimitive,,unrecognized,,"[When Attacking] If you have 1 or less cards in your hand, your opponent cannot activate the [Blocker] of any Character with a cost of 5 or less during this battle."
OP02,OP02-064,Mr.2.Bon.Kurei(Bentham),character,needsPrimitive,trashFromHand,unrecognized,,"[DON!! x1] [When Attacking] You may trash 1 card from your hand: Place up to 1 Character with a cost of 2 or less at the bottom of the owner's deck. Then, at the end of this battle, place this Character at the bottom of the owner's deck."
OP02,OP02-069,DEATH WINK,event,needsPrimitive,addPower+moveCards,unrecognized,,"[Counter] Up to 1 of your Leader or Character cards gains +6000 power during this battle. Then, draw cards so that you have 2 cards in your hand. [Trigger] Return up to 1 Character with a cost of 7 or less to the owner's hand."
OP02,OP02-085,Magellan,character,defer,,unrecognized,custom-trigger,"[On Play] DON!! −1 (You may return the specified number of DON!! cards from your field to your DON!! deck.): Your opponent returns 1 DON!! card from their field to their DON!! deck. [Opponent's Turn] When this Character is K.O.'d, your opponent returns 2 DON!! cards from their field to their DON!! deck."
OP02,OP02-089,Judgment of Hell,event,needsPrimitive,addPower,unrecognized,combined-total-gate,"[Counter] DON!! −1 (You may return the specified number of DON!! cards from your field to your DON!! deck.): Give up to a total of 2 of your opponent's Leader or Character cards −3000 power during this turn. [Trigger] If your opponent has 6 or more DON!! cards on their field, your opponent returns 1 DON!! card from their field to their DON!! deck."
OP02,OP02-090,Hydra,event,needsPrimitive,addPower,unrecognized,,"[Main] DON!! −1 (You may return the specified number of DON!! cards from your field to your DON!! deck.): Give up to 1 of your opponent's Characters −3000 power during this turn. [Trigger] If your opponent has 6 or more DON!! cards on their field, your opponent returns 1 DON!! card from their field to their DON!! deck."
OP02,OP02-091,Venom Road,event,needsPrimitive,addDonFromDeck,unrecognized,,"[Main] Add up to 1 DON!! card from your DON!! deck and set it as active. [Trigger] If your opponent has 6 or more DON!! cards on their field, your opponent returns 1 DON!! card from their field to their DON!! deck."
OP02,OP02-094,Isuka,character,defer,,unrecognized,custom-trigger,"[DON!! x1] [Once Per Turn] When this Character battles and K.O.'s your opponent's Character, set this Character as active."
OP02,OP02-101,Strawberry,character,needsPrimitive,,unrecognized,,"[When Attacking] If there is a Character with a cost of 0, your opponent cannot activate the [Blocker] of any Character with a cost of 5 or less during this battle."
OP02,OP02-118,Yasakani Sacred Jewel,event,needsPrimitive,trashFromHand+ko,unrecognized,,[Counter] You may trash 1 card from your hand: Select up to 1 of your Characters. The selected Character cannot be K.O.'d during this battle. [Trigger] K.O. up to 1 of your opponent's Stages with a cost of 3 or less.
OP03,OP03-001,Portgas.D.Ace,leader,defer,trashFromHand+addPower,,custom-trigger,"When this Leader attacks or is attacked, you may trash any number of Event or Stage cards from your hand. This Leader gains +1000 power during this battle for every card trashed."
OP03,OP03-004,Curiel,character,needsPrimitive,addKeyword,,attack-restriction,This Character cannot attack a Leader on the turn in which it is played.[DON!! x1] This Character gains [Rush].(This card can attack on the turn in which it is played.)
OP03,OP03-032,Buggy,character,needsPrimitive,,unrecognized,,This Character cannot be K.O.'d in battle by <Slash> attribute cards.
OP03,OP03-040,Nami,leader,defer,trashFromHand,,replacement-effect+custom-trigger,"When your deck is reduced to 0, you win the game instead of losing, according to the rules.[DON!! x1] When this Leader's attack deals damage to your opponent's Life, you may trash 1 card from the top of your deck."
OP03,OP03-076,Rob Lucci,leader,defer,trashFromHand,,custom-trigger,"[Your Turn] [Once Per Turn] You may trash 2 cards from your hand: When your opponent's Character is K.O.'d, set this Leader as active."
OP04,OP04-002,Igaram,character,needsPrimitive,addPower+rest+searchTopDeck,unrecognized,,"[Activate: Main] You may rest this Character and give your 1 active Leader −5000 power during this turn: Look at 5 cards from the top of your deck; reveal up to 1 {Alabasta} type card and add it to your hand. Then, place the rest at the bottom of your deck in any order."
OP04,OP04-011,Nami,character,needsPrimitive,addPower,unrecognized,,"[When Attacking] Reveal 1 card from the top of your deck. If the revealed card is a Character card with 6000 power or more, this Character gains +3000 power during this turn. Then, place the revealed card at the bottom of your deck."
OP04,OP04-024,Sugar,character,defer,rest,,custom-trigger,"[Opponent's Turn] [Once Per Turn] When your opponent plays a Character, if your Leader has the {Donquixote Pirates} type, rest up to 1 of your opponent's Characters. Then, rest this Character.[On Play] Rest up to 1 of your opponent's Characters with a cost of 4 or less."
OP04,OP04-026,Senor Pink,character,needsPrimitive,rest,unrecognized,,"[When Attacking] ➀ (You may rest the specified number of DON!! cards in your cost area.): If your Leader has the {Donquixote Pirates} type, rest up to 1 of your opponent's Characters with a cost of 4 or less. Then, set up to 1 of your DON!! cards as active at the end of this turn."
OP04,OP04-028,Diamante,character,needsPrimitive,addKeyword,unrecognized,,"[Blocker] (After your opponent declares an attack, you may rest this card to make it the new target of the attack.)[DON!! x1] [End of Your Turn] If you have 2 or more active DON!! cards, set this Character as active."
OP04,OP04-033,Machvise,character,needsPrimitive,rest,unrecognized,,"[On Play] If your Leader has the {Donquixote Pirates} type, rest up to 1 of your opponent's Characters with a cost of 5 or less. Then, set up to 1 of your DON!! cards as active at the end of this turn."
OP04,OP04-040,Queen,leader,defer,draw+moveCards,,replacement-effect+combined-total-gate,"[DON!! x1] [When Attacking] If you have a total of 4 or less cards in your Life area and hand, draw 1 card. If you have a Character with a cost of 8 or more, you may add up to 1 card from the top of your deck to the top of your Life cards instead of drawing 1 card."
OP04,OP04-041,Apis,character,needsPrimitive,trashFromHand+searchTopDeck,unrecognized,,"[On Play] You may trash 2 cards from your hand: Look at 5 cards from the top of your deck; reveal up to 1 {East Blue} type card and add it to your hand. Then, place the rest at the bottom of your deck in any order."
OP04,OP04-047,Ice Oni,character,defer,,unrecognized,custom-trigger,"[Your Turn] At the end of a battle in which this Character battles your opponent's Character with a cost of 5 or less, place the opponent's Character you battled with at the bottom of the owner's deck."
OP04,OP04-048,Sasaki,character,defer,,unrecognized,dynamic-scaling,"[On Play] Return all cards in your hand to your deck and shuffle your deck. Then, draw cards equal to the number you returned to your deck."
OP04,OP04-053,Page One,character,needsPrimitive,draw,unrecognized,,"[DON!! x1] [Once Per Turn] When you activate an Event, draw 1 card. Then, place 1 card from your hand at the bottom of your deck."
OP04,OP04-055,Plague Rounds,event,needsPrimitive,trashFromHand+playFromHand,unrecognized,,[Main] You may trash 1 [Ice Oni] from your hand and place 1 Character with a cost of 4 or less at the bottom of the owner's deck: Play 1 [Ice Oni] from your trash. [Trigger] Activate this card's [Main] effect.
OP04,OP04-069,Mr.2.Bon.Kurei(Bentham),character,defer,playFromHand,unrecognized,dynamic-scaling,[On Your Opponent's Attack] DON!! −1 (You may return the specified number of DON!! cards from your field to your DON!! deck.): This Character's base power becomes the same as the power of your opponent's attacking Leader or Character during this turn. [Trigger] DON!! −1: Play this card.
OP04,OP04-082,Kyros,character,defer,rest+ko+trashFromHand,,replacement-effect,"If this Character would be K.O.'d, you may rest your Leader or 1 [Corrida Coliseum] instead.[On Play] If your Leader is [Rebecca], K.O. up to 1 of your opponent's Characters with a cost of 1 or less. Then, trash 1 card from the top of your deck."
OP04,OP04-096,Corrida Coliseum,stage,needsPrimitive,,unrecognized,attack-restriction,"If your Leader has the {Dressrosa} type, your {Dressrosa} type Characters can attack Characters on the turn in which they are played."
OP04,OP04-099,Olin,character,needsPrimitive,playFromHand,unrecognized,,"Also treat this card's name as [Charlotte Linlin] according to the rules. [Trigger] If you have 1 or less Life cards, play this card."
OP04,OP04-102,Kin'emon,character,needsPrimitive,,unrecognized,,[Activate: Main] [Once Per Turn] ➀ (You may rest the specified number of DON!! cards in your cost area.) You may add 1 card from the top or bottom of your Life cards to your hand: Set this Character as active.
OP05,OP05-001,Sabo,leader,defer,addPower,,replacement-effect,"[DON!! x1] [Opponent's Turn] [Once Per Turn] If your Character with 5000 power or more would be K.O.'d, you may give that Character −1000 power during this turn instead of that Character being K.O.'d."
OP05,OP05-007,Sabo,character,needsPrimitive,ko,,combined-total-gate,[On Play] K.O. up to 2 of your opponent's Characters with a total power of 4000 or less.
OP05,OP05-040,Birdcage,stage,needsPrimitive,ko+trashFromHand,unrecognized,,"If your Leader is [Donquixote Doflamingo], all Characters with a cost of 5 or less do not become active in your and your opponent's Refresh Phases.[End of Your Turn] If you have 10 DON!! cards on your field, K.O. all rested Characters with a cost of 5 or less. Then, trash this Stage."
OP05,OP05-058,It's a Waste of Human Life!!,event,needsPrimitive,trashFromHand,unrecognized,,"[Main] Place all Characters with a cost of 3 or less at the bottom of the owner's deck. Then, you and your opponent trash cards from your hands until you each have 5 cards in your hands. [Trigger] Place all Characters with a cost of 2 or less at the bottom of the owner's deck."
OP05,OP05-097,Mary Geoise,stage,needsPrimitive,,unrecognized,,[Your Turn] The cost of playing {Celestial Dragons} type Character cards with a cost of 2 or more from your hand will be reduced by 1.
OP05,OP05-098,Enel,leader,defer,moveCards+trashFromHand,,custom-trigger,"[Opponent's Turn] [Once Per Turn] When your number of Life cards becomes 0, add 1 card from the top of your deck to the top of your Life cards. Then, trash 1 card from your hand."
OP05,OP05-100,Enel,character,defer,addKeyword+trashFromHand+moveCards,unrecognized,replacement-effect,"[Rush][Once Per Turn] If this Character would leave the field, you may trash 1 card from the top of your Life cards instead. If there is a [Monkey.D.Luffy] Character, this effect is negated."
OP05,OP05-109,Pagaya,character,needsPrimitive,draw+trashFromHand,unrecognized,,"[Once Per Turn] When a [Trigger] activates, draw 2 cards and trash 2 cards from your hand."
OP05,OP05-119,Monkey.D.Luffy,character,defer,addDonFromDeck,unrecognized,extra-turn,"[On Play] DON!! −10: Place all of your Characters except this Character at the bottom of your deck in any order. Then, take an extra turn after this one.[Activate: Main] [Once Per Turn] ➀: Add up to 1 DON!! card from your DON!! deck and set it as active."
OP06,OP06-009,Shuraiya,character,needsPrimitive,addKeyword,unrecognized,,"[Blocker] (After your opponent declares an attack, you may rest this card to make it the new target of the attack.)[When Attacking]/[On Block] [Once Per Turn] This Character becomes the same power as your opponent's Leader until the start of your next turn."
OP06,OP06-020,Hody Jones,leader,needsPrimitive,rest,unrecognized,mixed-don-or-char-target,"[Activate: Main] You may rest this Leader: Rest up to 1 of your opponent's DON!! cards or Characters with a cost of 3 or less. Then, you cannot add Life cards to your hand using your own effects during this turn."
OP06,OP06-023,Arlong,character,needsPrimitive,trashFromHand+rest,,attack-restriction,[On Play] You may trash 1 card from your hand: Up to 1 of your opponent's rested Leader cannot attack until the end of your opponent's next turn. [Trigger] Rest up to 1 of your opponent's Characters with a cost of 4 or less.
OP06,OP06-026,Koushirou,character,needsPrimitive,,unrecognized,attack-restriction,"[On Play] Set up to 1 of your <Slash> attribute Characters with a cost of 4 or less as active. Then, you cannot attack a Leader during this turn."
OP06,OP06-035,Hody Jones,character,needsPrimitive,addKeyword,unrecognized,combined-total-gate,"[Rush] (This card can attack on the turn in which it is played.)[On Play] Rest up to a total of 2 of your opponent's Characters or DON!! cards. Then, add 1 card from the top of your Life cards to your hand."
OP06,OP06-044,Gion,character,needsPrimitive,,unrecognized,,"[Your Turn] [Once Per Turn] When your opponent activates an Event, your opponent must place 1 card from their hand at the bottom of their deck."
OP06,OP06-047,Charlotte Pudding,character,needsPrimitive,draw,unrecognized,,"[On Play] Your opponent returns all cards in their hand to their deck and shuffles their deck. Then, your opponent draws 5 cards."
OP06,OP06-095,Shadows Asgard,event,needsPrimitive,addPower+draw+trashFromHand,unrecognized,,"[Main]/[Counter] Your Leader gains +1000 power during this turn. Then, you may K.O. any number of your {Thriller Bark Pirates} type Characters with a cost of 2 or less. Your Leader gains an additional +1000 power during this turn for every Character K.O.'d. [Trigger] Draw 2 cards and trash 1 card from your hand."
OP06,OP06-096,...Nothing...at All!!!,event,needsPrimitive,,unrecognized,,[Counter] You may add 1 card from the top of your Life cards to your hand: Your Characters with a cost of 7 or less cannot be K.O.'d in battle during this turn. [Trigger] Activate this card's [Counter] effect.
OP06,OP06-116,Reject,event,needsPrimitive,ko+draw,unrecognized,,"[Main] Choose one:• K.O. up to 1 of your opponent's Characters with a cost of 5 or less.• If your opponent has 1 Life card, deal 1 damage to your opponent. Then, add 1 card from the top of your Life cards to your hand. [Trigger] Draw 1 card."
OP06,OP06-119,Sanji,character,needsPrimitive,playFromHand,unrecognized,,"[On Play] Reveal 1 card from the top of your deck and play up to 1 Character with a cost of 9 or less other than [Sanji]. Then, place the rest at the bottom of your deck."
OP07,OP07-001,Monkey.D.Dragon,leader,needsPrimitive,,unrecognized,,[Activate: Main] [Once Per Turn] Give up to 2 total of your currently given DON!! cards to 1 of your Characters.
OP07,OP07-002,Ain,character,needsPrimitive,,unrecognized,,[On Play] Set the power of up to 1 of your opponent's Characters to 0 during this turn.
OP07,OP07-018,KEEP OUT,event,needsPrimitive,addPower,unrecognized,,[Counter] Up to 1 of your {Revolutionary Army} type Characters gains +2000 power until the end of your next turn. [Trigger] Activate this card's [Counter] effect.
OP07,OP07-026,Jewelry Bonney,character,needsPrimitive,,unrecognized,,[On Play] Up to 1 of your opponent's rested Character or DON!! cards will not become active in your opponent's next Refresh Phase.
OP07,OP07-038,Boa Hancock,leader,defer,draw,unrecognized,custom-trigger,"[Your Turn] [Once Per Turn] This effect can be activated when a Character is removed from the field by your effect. If you have 5 or less cards in your hand, draw 1 card."
OP07,OP07-042,Gecko Moria,character,defer,,unrecognized,replacement-effect,"[Once Per Turn] If your Leader has the {The Seven Warlords of the Sea} type and this Character would be removed from the field by your opponent's effect, you may place 1 of your Characters other than [Gecko Moria] at the bottom of the owner's deck instead."
OP07,OP07-048,Donquixote Doflamingo,character,needsPrimitive,,unrecognized,,"[Activate: Main] [Once Per Turn] ➁ (You may rest the specified number of DON!! cards in your cost area.): Reveal 1 card from the top of your deck. If that card is a {The Seven Warlords of the Sea} type Character card with a cost of 4 or less, you may play that card rested. Then, place the rest at the bottom of your deck."
OP07,OP07-051,Boa Hancock,character,needsPrimitive,,unrecognized,attack-restriction,"[On Play] Up to 1 of your opponent's Characters other than [Monkey.D.Luffy] cannot attack until the end of your opponent's next turn. Then, place up to 1 Character with a cost of 1 or less at the bottom of the owner's deck."
OP07,OP07-052,Boa Marigold,character,needsPrimitive,,unrecognized,,"[On Play] If you have 2 or more {Amazon Lily} or {Kuja Pirates} type Characters on your field, place up to 1 Character with a cost of 2 or less at the bottom of the owner's deck."
OP07,OP07-057,Perfume Femur,event,needsPrimitive,addPower+draw,unrecognized,negate-effect,"[Main] Select up to 1 of your {The Seven Warlords of the Sea} type Leader or Character cards and that card gains +2000 power during this turn. Then, if the selected card attacks during this turn, your opponent cannot activate [Blocker]. [Trigger] Draw 1 card."
OP07,OP07-059,Foxy,leader,needsPrimitive,,unrecognized,,"[When Attacking] DON!! −3 (You may return the specified number of DON!! cards from your field to your DON!! deck.): If you have 3 or more {Foxy Pirates} type Characters, select your opponent's rested Leader and up to 1 Character card. The selected cards will not become active in your opponent's next Refresh Phase."
OP07,OP07-069,Pickles,character,needsPrimitive,,unrecognized,negate-effect,"If the number of DON!! cards on your field is equal to or less than the number on your opponent's field, your {Foxy Pirates} type Characters other than [Pickles] cannot be K.O.'d by your opponent's effects."
OP07,OP07-077,We're Going to Claim the One Piece!!!,event,needsPrimitive,searchTopDeck,unrecognized,,"[Main] If your Leader has the {Animal Kingdom Pirates} or {Big Mom Pirates} type, look at 5 cards from the top of your deck; reveal up to 1 {Animal Kingdom Pirates} or {Big Mom Pirates} type card and add it to your hand. Then, place the rest at the bottom of your deck in any order. [Trigger] Activate this card's [Main] effect."
OP07,OP07-078,Megaton Nine-Tails Rush,event,needsPrimitive,addDonFromDeck,unrecognized,,"[Main] If the number of DON!! cards on your field is equal to or less than the number on your opponent's field, set up to 1 of your [Foxy] cards as active. [Trigger] Add up to 1 DON!! card from your DON!! deck and set it as active."
OP07,OP07-083,Gecko Moria,character,defer,addPower+addKeyword+trashFromHand,,custom-trigger,"[Activate: Main] You may place 4 {Thriller Bark Pirates} type cards from your trash at the bottom of your deck in any order: This Character gains [Banish] and +1000 power during this turn.(When this card deals damage, the target card is trashed without activating its Trigger.)"
OP07,OP07-090,Morgans,character,needsPrimitive,draw,unrecognized,,"[On Play] Your opponent trashes 1 card from their hand and reveals their hand. Then, your opponent draws 1 card."
OP07,OP07-103,Tony Tony.Chopper,character,needsPrimitive,addKeyword,unrecognized,,"[Trigger] Up to 1 of your {Egghead} type Characters gains [Blocker] during this turn. Then, add this card to your hand."
OP08,OP08-043,Edward.Newgate,character,needsPrimitive,,unrecognized,,"[On Play] If your Leader's type includes ""Whitebeard Pirates"" and you have 2 or less Life cards, select all of your opponent's Characters on their field. Until the end of your opponent's next turn, none of the selected Characters can attack unless your opponent trashes 2 cards from their hand whenever they attack."
OP08,OP08-045,Thatch,character,defer,draw+trashFromHand,,replacement-effect,"If this Character would be removed from the field by your opponent's effect or K.O.'d, trash this Character and draw 1 card instead."
OP08,OP08-046,Shakuyaku,character,needsPrimitive,rest,unrecognized,,"[Your Turn] [Once Per Turn] When a Character is removed from the field by your effect, if your opponent has 5 or more cards in their hand, your opponent places 1 card from their hand at the bottom of their deck. Then, rest this Character."
OP08,OP08-056,Moby Dick,stage,defer,draw+playFromHand,unrecognized,custom-trigger,"[Your Turn] [Once Per Turn] When your Character with a type including ""Whitebeard Pirates"" is removed from the field by an effect, draw 1 card. Then, place 1 card from your hand at the top or bottom of your deck. [Trigger] Play this card."
OP08,OP08-072,Biscuit Warrior,character,needsPrimitive,,unrecognized,,"Under the rules of this game, you may have any number of this card in your deck.[Blocker] (After your opponent declares an attack, you may rest this card to make it the new target of the attack.)"
OP08,OP08-074,Black Maria,character,needsPrimitive,addDonFromDeck,unrecognized,,"[Activate: Main] [Once Per Turn] If you have no other [Black Maria] Characters, add up to 5 DON!! cards from your DON!! deck and rest them. Then, at the end of this turn, return DON!! cards from your field to your DON!! deck until you have the same number of DON!! cards on your field as your opponent."
OP08,OP08-079,Kaido,character,needsPrimitive,trashFromHand,unrecognized,,"[Activate: Main] [Once Per Turn] You may trash 1 card from your hand: If this Character was played on this turn, trash up to 1 of your opponent's Characters with a cost of 7 or less. Then, your opponent trashes 1 card from their hand."
OP08,OP08-112,S-Snake,character,needsPrimitive,,unrecognized,attack-restriction,[On Play] Up to 1 of your opponent's Characters with a cost of 6 or less other than [Monkey.D.Luffy] cannot attack until the end of your opponent's next turn. [Trigger] Activate this card's [On Play] effect.
OP09,OP09-022,Lim,leader,needsPrimitive,rest+addDonFromDeck+playFromHand,unrecognized,,"Your Character cards are played rested.[Activate: Main] [Once Per Turn] You may rest 3 of your DON!! cards: Add up to 1 DON!! card from your DON!! deck and rest it, and play up to 1 {ODYSSEY} type Character card with a cost of 5 or less from your hand."
OP09,OP09-052,Marco,character,defer,trashFromHand,,custom-trigger,"[Opponent's Turn] You may trash 1 card from your hand: When this Character is K.O.'d by your opponent's effect, play this Character card from your trash rested."
OP09,OP09-064,Killer,character,needsPrimitive,,unrecognized,,[On Play] DON!! −1 (You may return the specified number of DON!! cards from your field to your DON!! deck.): Set up to 1 of your {Kid Pirates} type Leader as active.
OP09,OP09-068,Tony Tony.Chopper,character,needsPrimitive,addKeyword,unrecognized,,"[End of Your Turn] You may return 1 or more DON!! cards from your field to your DON!! deck: Set this Character as active. Then, this Character gains [Blocker] until the end of your opponent's next turn."
OP09,OP09-080,Thousand Sunny,stage,defer,rest+addDonFromDeck,,custom-trigger,"[Opponent's Turn] You may rest this Stage: When your {Straw Hat Crew} type Character is removed from the field by your opponent's effect, add up to 1 DON!! card from your DON!! deck and rest it."
OP09,OP09-089,Stronger,character,needsPrimitive,draw+trashFromHand,unrecognized,,"[Activate: Main] You may trash 1 card from your hand and trash this Character: If your Leader has the {Blackbeard Pirates} type, draw 1 card. Then, give up to 1 of your opponent's Characters –2 cost during this turn."
OP09,OP09-118,Gol.D.Roger,character,needsPrimitive,addKeyword,unrecognized,,"[Rush] (This card can attack on the turn in which it is played.)When your opponent activates [Blocker], if either you or your opponent has 0 Life cards, you win the game."
OP10,OP10-022,Trafalgar Law,leader,needsPrimitive,moveCards,unrecognized,combined-total-gate,"[DON!! x1] [Activate: Main] [Once Per Turn] If the total cost of your Characters is 5 or more, you may return 1 of your Characters to the owner's hand: Reveal 1 card from the top of your Life cards. If that card is a {Supernovas} type Character card with a cost of 5 or less, you may play that card."
OP10,OP10-032,Tashigi,character,defer,rest,,replacement-effect,"If you have a green Character other than [Tashigi] that would be removed from the field by your opponent's effect, you may rest this Character instead."
OP10,OP10-033,Nami,character,needsPrimitive,,unrecognized,,"[On Play] If you have 2 or more rested {ODYSSEY} type Characters, up to 1 of your opponent's rested DON!! cards will not become active in your opponent's next Refresh Phase."
OP10,OP10-042,Usopp,leader,defer,addCost+draw,,custom-trigger,"All of your {Dressrosa} type Characters with a cost of 2 or more gain +1 cost.[Opponent's Turn] [Once Per Turn] This effect can be activated when your {Dressrosa} type Character is removed from the field by your opponent's effect or K.O.'d. If you have 5 or less cards in your hand, draw 1 card."
OP10,OP10-049,Sabo,character,defer,moveCards,,replacement-effect,"If your Character with a base cost of 7 or less other than [Sabo] would be removed from the field by your opponent's effect, you may return this Character to the owner's hand instead."
OP10,OP10-058,Rebecca,character,needsPrimitive,draw+playFromHand,unrecognized,,"[On Play] If there is a Character with a cost of 8 or more, draw 1 card. Then, reveal up to 2 {Dressrosa} type Character cards with a cost of 7 or less other than [Rebecca] from your hand. Play 1 of the revealed cards and play the other card rested if it has a cost of 4 or less."
OP10,OP10-070,Trebol,character,needsPrimitive,addKeyword,unrecognized,negate-effect,"[Blocker] (After your opponent declares an attack, you may rest this card to make it the new target of the attack.)[On Play] All of your Characters with 1000 base power or less cannot be K.O.'d by your opponent's effects until the end of your opponent's next turn."
OP11,OP11-001,Koby,leader,defer,trashFromHand,,replacement-effect+attack-restriction,"Your {SWORD} type Characters can attack Characters on the turn in which they are played.[Once Per Turn] If your {Navy} type Character with 7000 base power or less would be removed from the field by your opponent's effect, you may place 3 cards from your trash at the bottom of your deck in any order instead."
OP11,OP11-005,Smoker,character,needsPrimitive,addKeyword,unrecognized,negate-effect,"[Blocker] (After your opponent declares an attack, you may rest this card to make it the new target of the attack.)[DON!! x1] This Character cannot be K.O.'d by effects of Characters without the <Special> attribute."
OP11,OP11-012,Franky,character,defer,addPower,,custom-trigger,"[Your Turn] [Once Per Turn] When your opponent activates an Event, all of your Characters gain +2000 power during this turn."
OP11,OP11-024,Aladine,character,defer,rest+trashFromHand+playFromHand,,custom-trigger,"When this Character is K.O.'d by your opponent's effect, you may trash 1 card from your hand and rest 1 of your DON!! cards. If you do, play up to 1 {Fish-Man} or {Merfolk} type Character card with a cost of 6 or less from your hand."
OP11,OP11-040,Monkey.D.Luffy,leader,defer,searchTopDeck,unrecognized,custom-trigger,"This effect can be activated at the start of your turn. If you have 8 or more DON!! cards on your field, look at 5 cards from the top of your deck; reveal up to 1 {Straw Hat Crew} type card and add it to your hand. Then, place the rest at the top or bottom of the deck in any order."
OP11,OP11-041,Nami,leader,defer,draw+addPower+trashFromHand,unrecognized,custom-trigger,"[Your Turn] [Once Per Turn] This effect can be activated when a card is removed from your or your opponent's Life cards. If you have 7 or less cards in your hand, draw 1 card.[DON!! x1] [On Your Opponent's Attack] [Once Per Turn] You may trash 1 card from your hand: This Leader gains +2000 power during this turn."
OP11,OP11-058,Monkey.D.Luffy,character,needsPrimitive,,unrecognized,attack-restriction,"If you have 5 or more cards in your hand, this Character cannot attack.[Blocker] (After your opponent declares an attack, you may rest this card to make it the new target of the attack.)"
OP11,OP11-062,Charlotte Katakuri,leader,needsPrimitive,addPower,unrecognized,opp-deck-manip,"[When Attacking]/[On Your Opponent's Attack] [Once Per Turn] DON!! −1: Look at 1 card from the top of your opponent's deck. Then, this Leader gains +1000 power during this battle."
OP11,OP11-066,Charlotte Oven,character,needsPrimitive,rest+ko+addDonFromDeck,,opp-deck-manip,"[Activate: Main] You may rest this Character: Choose a cost and reveal 1 card from the top of your opponent's deck. If the revealed card has the chosen cost, K.O. up to 1 of your opponent's Characters with a base cost of 3 or less. Then, add up to 1 DON!! card from your DON!! deck and rest it."
OP11,OP11-071,Charlotte Perospero,character,needsPrimitive,trashFromHand+draw+addDonFromDeck,,opp-deck-manip,"[Activate: Main] [Once Per Turn] You may trash 1 card from your hand: Choose a cost and reveal 1 card from the top of your opponent's deck. If the revealed card has the chosen cost, draw 1 card and add up to 1 DON!! card from your DON!! deck and set it as active."
OP11,OP11-073,Charlotte Linlin,character,needsPrimitive,addKeyword+addPower,unrecognized,opp-deck-manip,"If your Leader has the {Big Mom Pirates} type, this Character gains [Rush].[On Your Opponent's Attack] [Once Per Turn] DON!! −5: Choose a cost and reveal 1 card from the top of your opponent's deck. If the revealed card has the chosen cost, up to 1 of your Leader gains +2000 power during this turn."
OP11,OP11-074,Streusen,character,needsPrimitive,rest,,opp-deck-manip,"[Activate: Main] [Once Per Turn] DON!! −1, You may rest this Character: Choose a cost and reveal 1 card from the top of your opponent's deck. If the revealed card has the chosen cost, rest up to 1 of your opponent's Characters with a cost of 4 or less."
OP11,OP11-079,When Two Men Are Fighting the Last Thing I Need Is Some Half-Hearted Assistance!!!!,event,needsPrimitive,addPower+draw,unrecognized,opp-deck-manip,"[Counter] Choose a cost and reveal 1 card from the top of your opponent's deck. If the revealed card has the chosen cost, up to 1 of your Leader or Character cards gains +5000 power during this battle. [Trigger] Draw 1 card."
OP11,OP11-081,Cognac Mama-Mash,event,needsPrimitive,ko+addDonFromDeck,unrecognized,opp-deck-manip,"[Main] Choose a cost and reveal 1 card from the top of your opponent's deck. If the revealed card has the chosen cost, K.O. up to 1 of your opponent's Characters with a base cost of 8 or less. [Trigger] Add up to 1 DON!! card from your DON!! deck and set it as active."
OP11,OP11-088,Shu,character,defer,addKeyword+addPower,unrecognized,custom-trigger,"[Blocker] (After your opponent declares an attack, you may rest this card to make it the new target of the attack.)[Once Per Turn] This effect can be activated when your opponent's Character attacks. If that Character has the <Slash> attribute, this Character gains +5000 power during this battle."
OP11,OP11-092,Helmeppo,character,needsPrimitive,draw+trashFromHand+playFromHand,unrecognized,,"[On Play] You may trash 1 card from your hand: Draw 1 card and play up to 1 {SWORD} type Character card with a cost of 8 or less other than [Helmeppo] from your trash. Then, place the 1 Character played by this effect at the bottom of the owner's deck at the end of this turn."
OP11,OP11-101,"Capone""Gang""Bege",character,defer,addKeyword,unrecognized,replacement-effect,"[Blocker][Once Per Turn] If your {Supernovas} type Character other than [Capone""Gang""Bege] would be removed from the field by your opponent's effect, you may add it to the top of your Life cards face-down instead."
OP11,OP11-102,Camie,character,defer,trashFromHand+moveCards,unrecognized,custom-trigger,"[Your Turn] [Once Per Turn] This effect can be activated when your opponent activates an Event or [Trigger]. If your opponent has 2 or more Life cards, trash 1 card from the top of each of your and your opponent's Life cards."
OP12,OP12-016,To Never Doubt--That Is Power!,event,needsPrimitive,addPower,unrecognized,negate-effect,[Main] You may give 2 active DON!! cards to 1 of your [Silvers Rayleigh]: Your opponent cannot activate [Blocker] when the card given these DON!! cards attacks during this turn.[Counter] Up to 1 of your Characters or [Silvers Rayleigh] gains +2000 power during this battle.
OP12,OP12-017,Color of Observation Haki,event,needsPrimitive,searchTopDeck,unrecognized,,"[Main] You may give 1 active DON!! card to 1 of your [Silvers Rayleigh]: Look at 4 cards from the top of your deck; reveal up to 1 red Event or up to 1 Character card with a cost of 3 or more and add it to your hand. Then, place the rest at the bottom of your deck in any order."
OP12,OP12-020,Roronoa Zoro,leader,needsPrimitive,,unrecognized,attack-restriction,"[DON!! x3] [Activate: Main] [Once Per Turn] If this Leader battles your opponent's Character during this turn, set this Leader as active. Then, this Leader cannot attack your opponent's Characters with a base cost of 7 or less during this turn."
OP12,OP12-021,Ipponmatsu,character,needsPrimitive,,unrecognized,,"If your Leader has the <Slash> attribute and you have 6 or more rested DON!! cards, this Character cannot be rested by your opponent's effects.[Blocker]"
OP12,OP12-028,Kouzuki Hiyori,character,needsPrimitive,rest+searchTopDeck,unrecognized,,"[Activate: Main] You may rest 1 of your DON!! cards and this Character: If your Leader is [Roronoa Zoro], look at 5 cards from the top of your deck; reveal up to 1 <Slash> attribute card or green Event and add it to your hand. Then, place the rest at the bottom of your deck in any order."
OP12,OP12-034,Perona,character,needsPrimitive,searchTopDeck,unrecognized,,"[On Play] If your Leader has the <Slash> attribute, look at 5 cards from the top of your deck; reveal up to 1 <Slash> attribute card or green Event and add it to your hand. Then, place the rest at the bottom of your deck in any order."
OP12,OP12-037,Demon Aura Nine Sword Style Asura Blades Drawn Dead Man's Game,event,needsPrimitive,rest+addPower,,combined-total-gate,[Main] You may rest 3 of your DON!! cards: Rest up to a total of 2 of your opponent's Characters or DON!! cards.[Counter] Your Leader gains +3000 power during this battle.
OP12,OP12-040,Kuzan,leader,defer,,unrecognized,dynamic-scaling,"When a card is trashed from your hand by your {Navy} type card's effect, draw cards equal to the number of cards trashed."
OP12,OP12-048,Donquixote Rosinante,character,defer,rest+trashFromHand,,replacement-effect,"[Opponent's Turn] If your blue {Navy} type Character would be removed from the field by your opponent's effect, you may rest this Character and trash 1 card from your hand instead."
OP12,OP12-051,Hina,character,needsPrimitive,rest+trashFromHand,,negate-effect,[Activate: Main] You may rest this Character and trash 1 card from your hand: Up to 1 of your opponent's Characters with a base cost of 4 or less cannot activate [Blocker] during this turn.
OP12,OP12-077,"The ""Extinguishes All Sound Created by Your Influence"" Technique",event,needsPrimitive,addPower+draw,unrecognized,negate-effect,"[Main] Select up to 1 of your [Trafalgar Law] cards and that card gains +2000 power during this turn. Then, if the selected card attacks during this turn, your opponent cannot activate [Blocker]. [Trigger] Draw 1 card."
OP12,OP12-080,Baratie,stage,needsPrimitive,searchTopDeck+playFromHand,unrecognized,,"[Activate: Main] You may place this Stage at the bottom of the owner's deck: If your Leader is [Sanji], look at 3 cards from the top of your deck; reveal up to 1 Event and add it to your hand. Then, place the rest at the bottom of your deck in any order. [Trigger] Play this card."
OP12,OP12-081,Koala,leader,defer,draw,unrecognized,custom-trigger,"When this Leader attacks your opponent's Leader, if you have 2 or more Characters with a cost of 8 or more, draw 1 card.[Once Per Turn] This effect can be activated when your opponent plays a Character with a base cost of 8 or more, or when your opponent plays a Character using a Character's effect. Your opponent adds 1 card from the top of their Life cards to their hand."
OP12,OP12-099,Kalgara,character,needsPrimitive,draw,unrecognized,,"[Your Turn] When a card is removed from your or your opponent's Life cards, draw 1 card. Then, you cannot draw cards using your own effects during this turn."
OP13,OP13-001,Monkey.D.Luffy,leader,needsPrimitive,addPower,unrecognized,,"[DON!! x1] [On Your Opponent's Attack] If you have 5 or less active DON!! cards, you may rest any number of your DON!! cards. For every DON!! card rested this way, this Leader or up to 1 of your {Straw Hat Crew} type Characters gains +2000 power during this battle."
OP13,OP13-016,Monkey.D.Garp,character,needsPrimitive,searchTopDeck,unrecognized,,"[On Play] If your Leader is [Sabo], [Portgas.D.Ace] or [Monkey.D.Luffy], look at 4 cards from the top of your deck; reveal up to 1 card with a cost of 3 or more and add it to your hand. Then, place the rest at the bottom of your deck in any order."
OP13,OP13-017,Monkey.D.Dragon,character,defer,addPower,,replacement-effect,"[Once Per Turn] If your {Revolutionary Army} type Character would be removed from the field by your opponent's effect, you may give this Character −2000 power during this turn instead."
OP13,OP13-024,Gordon,character,needsPrimitive,,unrecognized,,[On Play] You may reveal 1 {Music} or {FILM} type card from your hand: Set up to 2 of your DON!! cards as active at the end of this turn.
OP13,OP13-028,Shanks,character,needsPrimitive,,unrecognized,,"[On Play] Set all of your DON!! cards as active. Then, you cannot play cards from your hand during this turn."
OP13,OP13-032,Nico Robin,character,needsPrimitive,,unrecognized,,[On Play] Up to 1 of your opponent's Characters with a cost of 8 or less cannot be rested until the end of your opponent's next End Phase.
OP13,OP13-078,Oro Jackson,stage,defer,rest+addDonFromDeck,,custom-trigger,"[Once Per Turn] When your Character with a type including ""Roger Pirates"" is removed from the field by your opponent's effect, add up to 1 DON!! card from your DON!! deck and rest it."
OP13,OP13-100,Jewelry Bonney,leader,defer,playFromHand+giveDon,unrecognized,custom-trigger,[Your Turn] [Once Per Turn] This effect can be activated when you play a Character with a [Trigger]. Give up to 2 rested DON!! cards to 1 of your Leader or Character cards.
OP13,OP13-105,Kouzuki Momonosuke,character,needsPrimitive,,unrecognized,,[On Play] Look at all of your Life cards and place them back in your Life area in any order.
OP13,OP13-106,Conney,character,needsPrimitive,addKeyword+playFromHand,unrecognized,,"[Opponent's Turn] When a [Trigger] activates, this Character gains [Blocker] during this turn. [Trigger] Play this card."
OP14,OP14-001,Trafalgar Law,leader,needsPrimitive,,unrecognized,,[Activate: Main] [Once Per Turn] Select 2 of your {Supernovas} or {Heart Pirates} type Characters. Swap the base power of the selected Characters with each other during this turn.
OP14,OP14-009,Trafalgar Law,character,needsPrimitive,addKeyword+trashFromHand,unrecognized,,[Rush][On Your Opponent's Attack] [Once Per Turn] You may trash 2 cards from your hand: Select your Leader and 1 Character. Swap the base power of the selected cards with each other during this battle.
OP14,OP14-010,Basil Hawkins,character,needsPrimitive,searchTopDeck+playFromHand,unrecognized,,"[On K.O.] Look at 5 cards from the top of your deck; play up to 1 {Supernovas} type Character card with 2000 power or less other than [Basil Hawkins]. Then, place the rest at the bottom of your deck in any order."
OP14,OP14-017,Chambres,event,needsPrimitive,,unrecognized,,[Main] Select 2 of your opponent's Characters with 9000 base power or less. Swap the base power of the selected Characters with each other during this turn.
OP14,OP14-020,Dracule Mihawk,leader,needsPrimitive,addPower+rest,unrecognized,,"If your opponent's Leader has the <Slash> attribute, this Leader gains +1000 power.[Activate: Main] [Once Per Turn] You may rest 1 of your cards: If there is a Character with a cost of 5 or more, set up to 3 of your DON!! cards as active. Then, you cannot play Character cards during this turn."
OP14,OP14-021,Issho,character,defer,,unrecognized,custom-trigger,"[Your Turn] When this Character becomes rested, you may add 1 card from the top of your Life cards to your hand. If you do, up to 1 of your opponent's rested Characters or Stages will not become active in your opponent's next Refresh Phase."
OP14,OP14-029,Tashigi,character,defer,rest+addPower,,replacement-effect,"[Opponent's Turn] If this Character would be removed from the field by your opponent's effect, you may rest 1 of your cards instead.[Activate: Main] [Once Per Turn] You may rest 2 of your cards: This Character gains +2000 power until the end of your opponent's next End Phase."
OP14,OP14-031,Nami,character,needsPrimitive,addKeyword+rest,unrecognized,,"[Blocker][On Play] Rest up to 2 of your opponent's Characters with a cost of 8 or less. Then, set up to 5 of your DON!! cards as active at the end of this turn."
OP14,OP14-033,Perona,character,needsPrimitive,rest+playFromHand,unrecognized,,[On Play] Up to 2 of your opponent's Characters with a cost of 5 or less cannot be rested until the end of your opponent's next End Phase.[On K.O.] You may rest 1 of your cards: Play up to 1 green Character card with a cost of 5 or less from your hand.
OP14,OP14-041,Boa Hancock,leader,defer,draw+playFromHand,,custom-trigger,"[Opponent's Turn] When you play a Character, draw 1 card.[DON!! x1] [Once Per Turn] When one of your {Amazon Lily} or {Kuja Pirates} type Characters with 5000 base power or more is K.O.'d, add up to 1 card from the top of your opponent's Life cards to the owner's hand."
OP14,OP14-053,Vista,character,defer,addKeyword,unrecognized,dynamic-scaling,"[Blocker][Opponent's Turn] If you have 7 or less cards in your hand, this Character's base power becomes the same as your Leader's base power."
OP14,OP14-060,Donquixote Doflamingo,leader,needsPrimitive,,unrecognized,,[On Your Opponent's Attack] [Once Per Turn] DON!! −1: Select your Leader or 1 of your {Donquixote Pirates} type Characters. Change the attack target to the selected card.
OP14,OP14-065,Senor Pink,character,needsPrimitive,,unrecognized,,[On K.O.] Your opponent returns 1 DON!! card from their field to their DON!! deck.
OP14,OP14-070,Buffalo,character,defer,,unrecognized,custom-trigger,"When this Character becomes rested by your opponent's Character's effect, you may return 1 DON!! card from your field to your DON!! deck. If you do, set this Character as active.[Blocker]"
OP14,OP14-079,Crocodile,leader,needsPrimitive,addCost+ko+trashFromHand,unrecognized,,"All of your opponent's Characters cannot be removed from the field by your effects.[Activate: Main] [Once Per Turn] You may K.O. 1 of your Characters with a type including ""Baroque Works"": Give up to 1 of your opponent's Characters −10 cost during this turn. Then, you may trash 2 cards from the top of your deck."
OP14,OP14-092,Mr.3(Galdino),character,defer,trashFromHand,,replacement-effect,"[Opponent's Turn] [Once Per Turn] If this Character would be K.O.'d, you may place 3 cards from your trash at the bottom of your deck in any order instead."
OP14,OP14-115,Rindo,character,needsPrimitive,moveCards+playFromHand,unrecognized,,"[Opponent's Turn] [On K.O.] Add up to 1 card from the top of your deck to the top of your Life cards. Then, you take 1 damage. [Trigger] If your Leader has the {Kuja Pirates} type, play this card."
OP14,OP14-119,Dracule Mihawk,character,defer,addPower+trashFromHand,unrecognized,custom-trigger,"[Your Turn] When this Character becomes rested, up to 1 of your opponent's Characters with a cost of 9 or less cannot be rested until the end of your opponent's next End Phase.[On Your Opponent's Attack] [Once Per Turn] You may trash 1 card from your hand: Up to 1 of your Leader or Character cards gains +2000 power during this battle."
OP15,OP15-002,Lucy,leader,needsPrimitive,trashFromHand+addPower+draw,unrecognized,,"[When Attacking]/[On Your Opponent's Attack] You may trash any number of Event or Stage cards from your hand. This Leader gains +1000 power during this battle for every card trashed.[Activate: Main] [Once Per Turn] If you have activated an Event with a base cost of 3 or more during this turn, draw 1 card."
OP15,OP15-009,Koby,character,defer,addPower,,replacement-effect,"If your Character with 7000 base power or less would be removed from the field by your opponent's effect, you may give your Leader −2000 power during this turn instead."
OP15,OP15-022,Brook,leader,defer,trashFromHand,unrecognized,custom-trigger,"Under the rules of this game, you do not lose when your deck has 0 cards. You lose at the end of the turn in which your deck becomes 0 cards.[Activate: Main] [Once Per Turn] Trash 4 cards from the top of your deck. Then, if your deck has 0 cards, set up to 1 of your Characters as active."
OP15,OP15-029,Bartholomew Kuma,character,needsPrimitive,,unrecognized,,[On Play] Up to 1 of your opponent's Characters with a cost of 5 or less cannot be rested until the end of your opponent's next End Phase.
OP15,OP15-031,Purinpurin,character,defer,,unrecognized,dynamic-scaling,"[On Play] Select up to 1 of your opponent's rested Characters. If the chosen Character has a cost equal to the number of DON!! cards given to it, K.O. it."
OP15,OP15-033,Hody Jones,character,needsPrimitive,,unrecognized,,"[On Play] Set your {Fish-Man} type Leader as active. Then, add 1 card from the top of your Life cards to your hand."
OP15,OP15-035,Laboon,character,defer,rest,,replacement-effect,"If your Character with 7000 base power or less would be removed from the field by your opponent's effect, you may rest 2 of your cards instead."
OP15,OP15-046,Sabo,character,needsPrimitive,addKeyword,unrecognized,,"[Blocker][On Play] If your Leader has the {Dressrosa} type, activate up to 1 {Dressrosa} type Event from your hand."
OP15,OP15-052,Leo,character,defer,,unrecognized,replacement-effect,"If your Character with 7000 base power or less would be removed from the field by your opponent's effect, you may place 1 of your Characters at the bottom of the owner's deck instead."
OP15,OP15-058,Enel,leader,needsPrimitive,addDonFromDeck+giveDon,unrecognized,,"Under the rules of this game, your DON!! deck consists of 6 cards.[Activate: Main] [Once Per Turn] If it is your second turn or later, add up to 1 DON!! card from your DON!! deck and set it as active, and add up to 4 additional DON!! cards and rest them. Then, give up to 4 rested DON!! cards to 1 of your Characters."
OP15,OP15-119,Monkey.D.Luffy,character,defer,addKeyword+addPower,,custom-trigger,"If you have 6 or more DON!! cards on your field, this Character gains [Rush].When your opponent activates an Event or [Blocker], reveal up to 1 card from the top of your Life cards. This Character gains +1000 power during this turn per 1 cost on the revealed card."
OP16,OP16-014,Marco,character,defer,ko+trashFromHand,,replacement-effect,"If one of your Characters would be removed from the field by your opponent's effect, you may K.O. this Character instead.[On K.O.] You may trash 1 Character card with 8000 power from your hand: Play this Character card from your trash."
OP16,OP16-022,Monkey.D.Luffy,leader,needsPrimitive,,unrecognized,,"[Activate: Main] [Once Per Turn] If the only Characters on your field are {Impel Down} type Characters, set up to 2 of your DON!! cards as active."
OP16,OP16-024,Inazuma,character,defer,rest,,custom-trigger,"When this Character is K.O.'d by your opponent's effect, rest up to 1 of your opponent's Characters.[Blocker] (After your opponent declares an attack, you may rest this card to make it the new target of the attack.)"
OP16,OP16-032,Boa Hancock,character,needsPrimitive,addKeyword,unrecognized,,[Unblockable] (This card cannot be blocked.)[On Play] Up to 1 of your opponent's Characters other than [Monkey.D.Luffy] cannot be rested until the end of your opponent's next End Phase.
OP16,OP16-033,Morley,character,defer,rest,,replacement-effect,"If this Character would be K.O.'d, you may rest 2 of your cards instead.[Unblockable] (This card cannot be blocked.)"
OP16,OP16-041,Buggy,leader,defer,playFromHand,unrecognized,custom-trigger,[DON!! x1] [Once Per Turn] This effect can be activated when your {Impel Down} type Character card is removed from the field. Play up to 1 [Prisoner of Impel Down] card from your hand.
OP16,OP16-042,Prisoner of Impel Down,character,needsPrimitive,,unrecognized,,"Under the rules of this game, you may have any number of this card in your deck."
OP16,OP16-058,The Prisoners Are Rioting!!,event,needsPrimitive,addPower,unrecognized,,"[Main] If you have 10 DON!! cards on your field, all of your [Prisoner of Impel Down] cards' base power becomes 7000 during this turn.[Counter] Up to 1 of your [Buggy] gains +4000 power during this battle."
OP16,OP16-074,Magellan,character,needsPrimitive,,unrecognized,,"[On Play] If your Leader has the {Impel Down} type, your opponent returns 1 DON!! card from their field to their DON!! deck.[On K.O.] Your opponent returns 4 DON!! cards from their field to their DON!! deck."
OP16,OP16-080,Marshall.D.Teach,leader,needsPrimitive,addCost+trashFromHand,unrecognized,,[Opponent's Turn] All of your Characters gain +1 cost.[On Your Opponent's Attack] [Once Per Turn] You may trash 1 card with a [Trigger] from your hand: Change the target of that attack to this Leader or to one of your {Blackbeard Pirates} type Character cards.
PRB01,PRB01-001,Sanji,leader,needsPrimitive,addKeyword,unrecognized,,[Activate: Main] [Once Per Turn] Up to 1 of your Characters without an [On Play] effect and with a cost of 8 or less gains [Rush] during this turn. (This card can attack on the turn in which it is played.)
PRB02,PRB02-005,Monkey.D.Luffy,character,needsPrimitive,,unrecognized,,"[Your Turn] [On Play] If your Leader is multicolored and your opponent has 7 or less DON!! cards on their field, your opponent rests 1 of their active DON!! cards at the start of their next Main Phase."
PRB02,PRB02-006,Roronoa Zoro,character,defer,rest,,replacement-effect,"[Opponent's Turn] If this Character would be rested by your opponent's Character's effect, you may rest 1 of your other Characters instead.[Blocker]"
PRB02,PRB02-009,Mr.3(Galdino),character,defer,draw+trashFromHand,unrecognized,custom-trigger,This effect can be activated when this Character is rested by your opponent's effect. You may trash this Character and draw 2 cards.[Blocker]
PRB02,PRB02-017,Boa Hancock,character,needsPrimitive,trashFromHand+ko,unrecognized,attack-restriction,[On Play] You may trash 1 card with a [Trigger] from your hand: Your opponent's rested Leader or up to 1 of your opponent's Characters other than [Monkey.D.Luffy] cannot attack until the end of your opponent's next End Phase. [Trigger] K.O. up to 1 of your opponent's Characters with a cost of 4 or less.
ST09,ST09-010,Portgas.D.Ace,character,defer,trashFromHand+moveCards,,replacement-effect,"[Once Per Turn] If this Character would be K.O.'d, you may trash 1 card from the top or bottom of your Life cards instead."
ST13,ST13-002,Portgas.D.Ace,leader,needsPrimitive,searchTopDeck+moveCards+trashFromHand,unrecognized,,"[DON!! x2] [Activate: Main] [Once Per Turn] Look at 5 cards from the top of your deck and add up to 1 Character card with a cost of 5 to the top of your Life cards face-up. Then, place the rest at the bottom of your deck in any order.[End of Your Turn] Trash all your face-up Life cards."
ST13,ST13-003,Monkey.D.Luffy,leader,defer,trashFromHand+moveCards,unrecognized,replacement-effect,"Your face-up Life cards are placed at the bottom of your deck instead of being added to your hand, according to the rules.[DON!! x2] [Activate: Main] [Once Per Turn] You may trash 1 card from your hand: If you have 0 Life cards, add up to 2 Character cards with a cost of 5 from your hand or trash to the top of your Life cards face-up."
ST13,ST13-004,Edward.Newgate,character,needsPrimitive,moveCards,unrecognized,,"[On Play] Add 1 card from the top of your deck to the top of your Life cards. Then, look at all your Life cards; place 1 card at the top of your deck and place the rest back in your Life area in any order."
ST13,ST13-007,Sabo,character,needsPrimitive,trashFromHand+moveCards+addPower,unrecognized,,"[Activate: Main] You may trash this Character: Reveal 1 card from the top of your Life cards. If that card is a [Sabo] with a cost of 5, you may play that card. If you do, up to 1 of your Leader gains +2000 power until the end of your opponent's next turn."
ST13,ST13-010,Portgas.D.Ace,character,needsPrimitive,trashFromHand+moveCards+addPower,unrecognized,,"[Activate: Main] You may trash this Character: Reveal 1 card from the top of your Life cards. If that card is a [Portgas.D.Ace] with a cost of 5, you may play that card. If you do, up to 1 of your Leader gains +2000 power until the end of your opponent's next turn."
ST13,ST13-012,Makino,character,needsPrimitive,,unrecognized,,[On Play] You may add 1 card from the top or bottom of your Life cards to your hand: Look at all of your Life cards and place them back in your Life area in any order.
ST13,ST13-014,Monkey.D.Luffy,character,needsPrimitive,trashFromHand+moveCards+addPower,unrecognized,,"[Activate: Main] You may trash this Character: Reveal 1 card from the top of your Life cards. If that card is a [Monkey.D.Luffy] with a cost of 5, you may play that card. If you do, up to 1 of your Leader gains +2000 power until the end of your opponent's next turn."
ST13,ST13-016,Yamato,character,needsPrimitive,addKeyword,unrecognized,,[Rush] (This card can attack on the turn in which it is played.)[On Play] Look at all your Life cards; place 1 at the top of your deck and place the rest back in your Life area in any order.
ST15,ST15-001,Atmos,character,needsPrimitive,,unrecognized,,"[When Attacking] If your Leader is [Edward.Newgate], you cannot add Life cards to your hand using your own effects during this turn."
ST15,ST15-003,Kingdew,character,defer,addKeyword+addPower,,custom-trigger,"[Blocker] (After your opponent declares an attack, you may rest this card to make it the new target of the attack.)[Opponent's Turn] When this Character is K.O.'d by an effect, up to 1 of your Leader gains +2000 power during this turn."
ST17,ST17-001,Crocodile,character,needsPrimitive,draw,unrecognized,,"[On Play] Reveal 1 card from the top of your deck. If that card is a {The Seven Warlords of the Sea} type card, draw 2 cards and place 1 card from your hand at the top of your deck."
ST21,ST21-003,Sanji,character,needsPrimitive,,unrecognized,negate-effect,"[On Play] Select up to 1 of your {Straw Hat Crew} type Characters with 6000 power or more. If the selected Character attacks during this turn, your opponent cannot activate [Blocker]."
ST22,ST22-005,Kouzuki Oden,character,defer,trashFromHand+rest+moveCards,,replacement-effect,"If this Character would be removed from the field by your opponent's effect, you may trash 2 cards from your hand instead.[Activate: Main] [Once Per Turn] You may rest 3 of your DON!! cards and return 1 of your Characters other than this Character to the owner's hand: Set this Character as active."
ST22,ST22-015,I Am Whitebeard!!,event,needsPrimitive,playFromHand+addPower,unrecognized,,"[Main] If your Leader's type includes ""Whitebeard Pirates"", play up to 1 [Edward.Newgate] from your hand. Then, you may add 1 card from the top or bottom of your Life cards to your hand. If you do, up to 1 of your Leader gains +2000 power until the end of your opponent's next turn."
ST24,ST24-005,X.Drake,character,needsPrimitive,rest,unrecognized,,"[On Play] If your Leader has the {Supernovas} type, rest up to 1 of your opponent's Characters with a cost of 5 or less. Then, set up to 1 of your DON!! cards as active at the end of this turn."
ST26,ST26-005,Monkey.D.Luffy,character,needsPrimitive,,unrecognized,,"[On Play]/[When Attacking] DON!! −2 (You may return the specified number of DON!! cards from your field to your DON!! deck.): If your Leader is multicolored and your opponent has 5 or more DON!! cards on their field, your {Straw Hat Crew} type Leader's base power becomes 7000 until the end of your opponent's next End Phase."
ST29,ST29-002,Usopp,character,needsPrimitive,rest,unrecognized,,[On Play]/[When Attacking] Rest up to 1 of your opponent's Characters with a cost equal to or less than the number of your opponent's Life cards.
ST29,ST29-008,Nami,character,defer,playFromHand,unrecognized,replacement-effect,"If your {Egghead} type Character would be K.O.'d by your opponent's effect, you may turn 1 card from the top of your Life cards face-up instead. [Trigger] If your Leader is [Monkey.D.Luffy], play this card."
ST30,ST30-009,LittleOars Jr.,character,defer,draw+trashFromHand,,replacement-effect,"If your Character with 6000 base power would be removed from the field by your opponent's effect, you may trash this Character and draw 1 card instead."
ST30,ST30-011,Buggy,character,defer,rest,,replacement-effect,"If your Character with 6000 base power would be removed from the field by your opponent's effect, you may rest this Character instead.[Blocker] (After your opponent declares an attack, you may rest this card to make it the new target of the attack.)"
